<?xml version="1.0" encoding="UTF-8" standalone="no"?><xsl:stylesheet xmlns:xsl="http://www.w3.org/1999/XSL/Transform" xmlns:firstElementOfTheInput="root" xmlns:notXSLTCompatible="false" xmlns:own="http://ownfunction.org" xmlns:soapenv="http://www.w3.org/2003/05/soap-envelope" xmlns:xs="http://www.w3.org/2001/XMLSchema" extension-element-prefixes="xs own notXSLTCompatible firstElementOfTheInput" version="2.0"><xsl:function name="own:setPrecision"><xsl:param name="resultString"/><xsl:param name="noOfDigits"/><xsl:if test="$noOfDigits=0"><xsl:value-of select="$resultString"/></xsl:if><xsl:if test="$noOfDigits!=0"><xsl:value-of select="own:setPrecision(concat($resultString,'0'),$noOfDigits - 1)"/></xsl:if></xsl:function><xsl:template match="/"><soapenv:Envelope><soapenv:Header/><soapenv:Body><customerName><xsl:value-of select="root/customerName"/></customerName><ticketDetails><xsl:for-each select="root/ticketDetails"><ticketDetail><ticketId><xsl:value-of select="number( ticketId )"/></ticketId><airline><xsl:value-of select="airline"/></airline><price><xsl:value-of select="price"/></price></ticketDetail></xsl:for-each><xsl:value-of select="number( root/passportNumber )"/></ticketDetails></soapenv:Body></soapenv:Envelope></xsl:template></xsl:stylesheet>