{
  "$schema" : "http://wso2.org/json-schema/wso2-data-mapper-v5.0.0/schema#",
  "outputType" : "XML",
  "id" : "http://wso2jsonschema.org",
  "title" : "soapenv:Envelope",
  "type" : "object",
  "properties" : {
    "soapenv:Header" : {
      "id" : "http://wso2jsonschema.org/soapenv:Header",
      "type" : "null"
    },
    "soapenv:Body" : {
      "id" : "http://wso2jsonschema.org/soapenv:Body",
      "type" : "object",
      "properties" : {
        "customerName" : {
          "id" : "http://wso2jsonschema.org/soapenv:Body/customerName",
          "type" : "string"
        },
        "passportNumber" : {
          "id" : "http://wso2jsonschema.org/soapenv:Body/passportNumber",
          "type" : "number"
        },
        "ticketDetails" : {
          "id" : "http://wso2jsonschema.org/soapenv:Body/ticketDetails",
          "type" : "object",
          "properties" : {
            "ticketDetail" : {
              "id" : "http://wso2jsonschema.org/soapenv:Body/ticketDetails/ticketDetail",
              "type" : "array",
              "items" : [ {
                "id" : "http://wso2jsonschema.org/soapenv:Body/ticketDetails/ticketDetail/0",
                "type" : "object",
                "properties" : {
                  "ticketId" : {
                    "id" : "http://wso2jsonschema.org/soapenv:Body/ticketDetails/ticketDetail/0/ticketId",
                    "type" : "number"
                  },
                  "airline" : {
                    "id" : "http://wso2jsonschema.org/soapenv:Body/ticketDetails/ticketDetail/0/airline",
                    "type" : "string"
                  },
                  "price" : {
                    "id" : "http://wso2jsonschema.org/soapenv:Body/ticketDetails/ticketDetail/0/price",
                    "type" : "string"
                  }
                }
              } ]
            }
          }
        }
      }
    }
  },
  "namespaces" : [ {
    "prefix" : "soapenv",
    "url" : "http://www.w3.org/2003/05/soap-envelope"
  } ]
}